judul,product link,price,description
360° Rotatable Aluminum Tablet and Phone Stand,https://sellviacatalog.com/product/1678790,US $14.08,"Revolutionize How You Use Your DevicesTake your productivity and entertainment to the next level with our 360° Rotatable Aluminum Tablet and Phone Stand. This premium stand is designed to meet all your needs, whether you're working, streaming, or sharing your screen. Its sleek, modern design pairs perfectly with your devices while offering ultimate functionality and durability.Exceptional Features for Maximum ConvenienceThis stand is packed with thoughtful features that make it stand out:360° Rotatable Design:Effortlessly adjust your screen angle and share content with ease.Sturdy Aluminum Alloy Construction:A bold support rod and wider base ensure rock-solid stability.Dual-Axis Adjustment:Customize height and angle to suit your preferences, whether working or relaxing.Efficient Heat Dissipation:The hollow aluminum alloy back prevents your device from overheating.Protective Silicone Padding:Keep your tablet or phone secure and scratch-free.Portable & Foldable:Compact, one-piece design makes it easy to carry anywhere.Why Choose This Stand?Unlike ordinary holders, this stand combines versatility, durability, and style in one smart package. It's perfect for home offices, live streaming, video calls, or catching up on your favorite shows. The sandblasted aluminum finish adds a touch of elegance to your workspace or bedside table.Key Benefits You’ll LovePerfect Fit:Supports devices from 7 to 12.9 inches, including tablets, phones, and lightweight laptops.Strong Weight Capacity:Holds up to 5.5 lbs without wobbling or tipping over.Enhanced Comfort:Adjust the height and angle for ergonomic viewing, reducing neck and eye strain.Durable Build:Made from premium aluminum alloy for long-lasting use.Stylish Design:Complements your device with a professional and sleek appearance.Upgrade Your Setup TodayWhether you’re a professional working from home, a content creator, or someone who loves binge-watching shows, this stand is your ultimate companion. Enhance your daily routine with the perfect blend of function and style. Don’t settle for less—add this must-have accessory to your setup now!"
Universal Foldable Metal Phone and Tablet Stand,https://sellviacatalog.com/product/1678786,US $5.42,"Compact and Stylish Support for All Your DevicesThe Universal Foldable Metal Phone and Tablet Stand is your ultimate companion for convenience and functionality. Whether you're attending online classes, enjoying a movie, or managing work calls, this sleek stand is designed to hold your devices with unmatched stability and style. Its foldable design and lightweight construction make it easy to carry wherever life takes you.Reliable, Adjustable, and Anti-Slip DesignEngineered for reliability, this stand features a strong damping shaft that adjusts up to 90 degrees, ensuring you get the perfect viewing angle every time. The triple anti-slip design, including the panel, groove, and base, keeps your devices secure, so you can enjoy hands-free use without worrying about slips or falls.Why This Stand Stands OutAll-Metal Construction:Durable and premium quality for long-lasting use.Portable and Foldable:Compact design folds to half the weight of most phones, perfect for travel or storage.Easy One-Hand Use:Place and pick up your device effortlessly without clamping mechanisms.Adjustable Viewing Angles:Enjoy flexible positioning for studying, video calls, gaming, or streaming.Universal Compatibility:Fits devices from 4.7 to 13 inches, including smartphones and tablets.Anti-Slip Stability:Ensures your device stays put, even during intense use.Benefits That Elevate Your ExperiencePerfect for multitasking – study, watch movies, or follow tutorials hands-free.Compact and lightweight for easy portability, making it ideal for travel.Durable design ensures long-term use without wear and tear.Compatible with major brands like iPhone, Samsung, Huawei, and more.Take Control of Your ConvenienceWith the Universal Foldable Metal Phone and Tablet Stand, you’ll never have to compromise on comfort or convenience. Its intuitive design lets you focus on what matters most, whether it’s entertainment, work, or learning. Compact, sturdy, and versatile – it’s the perfect accessory for every device user.Order yours todayand experience a seamless blend of style and functionality!"
MagSafe Phone Holder Stand for iPhone & Android,https://sellviacatalog.com/product/1678781,US $30.55,"Elevate Your Live Streaming & Video Calls with the MagSafe Phone Holder StandEnhance your content creation and video calling experience with this sleek and versatile MagSafe Phone Holder Stand. Perfect for live streaming, photography, video calls, or simply hands-free device use, this stand ensures stability and comfort. With a strong aluminum alloy build and a foldable design, it combines portability with functionality. Whether you're an influencer, a content creator, or someone who frequently uses their device for video calls, this stand is designed to make your life easier, offering effortless rotation, adjustability, and a sturdy base for your phone or tablet.Key FeaturesFull-Metal Shaft: Enjoy smooth rotation with no sagging. This feature provides maximum stability while allowing your phone or tablet to rotate freely for any angle you desire.Diverse Expansion: Equipped with a 1/4 inch thread, allowing you to attach additional photography accessories, ideal for more professional setups.Foldable Storage: The compact round tube body easily folds down for space-saving storage, perfect for on-the-go streaming or traveling.Compatible with iPhone & Android: iPhone users can directly enjoy the magnetic function, while Android users can easily use it with the included magnet plate.Perfect for Live Streaming, Video Calls, and MoreThis MagSafe phone holder stand is a game-changer for anyone who relies on their phone or tablet for streaming, video calls, or photography. Its sturdy design and adjustable features make it perfect for a variety of activities. Whether you’re recording your latest tutorial, participating in a Zoom meeting, or making live videos for social media, this stand provides the stability and flexibility you need. It ensures that your device stays in place while you focus on delivering your best content without worrying about holding your device.Why Choose This MagSafe Phone Holder Stand?What sets this stand apart is its combination of premium build quality, smart design, and versatility. With its robust aluminum alloy construction and powerful magnetic features, this phone stand offers reliability and ease of use. The 360-degree rotation, height adjustability, and foldable design make it perfect for any environment, from your desk to a live-streaming event. Plus, with a high load-bearing capacity, it’s suitable for a wide range of devices up to 6.5 inches. Add this portable, stylish, and functional accessory to your setup today and enjoy a more comfortable, hands-free experience!"
30W PD USB-C Fast Charger Cable for iPhone,https://sellviacatalog.com/product/1678757,US $1.91,"Supercharge Your iPhone with the 30W PD USB-C Fast Charger CableLooking for a reliable, high-speed charging solution for your iPhone? The 30W PD USB-C Fast Charging Cable is the perfect accessory to power up your iPhone 15, 14, 13, 12, and earlier models like the iPhone 11, XS, XR, 8, and Plus in no time. With its advanced Power Delivery (PD) technology, this cable ensures that your device charges quickly and efficiently, so you can get back to using your phone faster than ever. Whether you’re at home, in the office, or on the go, this charger delivers the power you need when you need it.Product Features30W PD Fast Charging:Enjoy rapid charging speeds with Power Delivery technology, ensuring your iPhone charges up to 50% faster than standard chargers.Maximum Current of 6A:Designed to handle high-power devices, this cable ensures safe and efficient charging at a maximum current of 6 amps.Universal Compatibility:Works seamlessly with iPhone 15, 14, 13, 12, 11, XS, XR, 8, Plus, and many other Lightning port devices.Durable & High-Quality Materials:Built with premium materials, the cable is designed to withstand daily wear and tear while providing fast, reliable performance.Compact & Portable:The lightweight and flexible design make it easy to carry in your bag, purse, or pocket—perfect for travel and everyday use.Safety Features:Equipped with over-current and over-voltage protection to ensure safe and efficient charging without risking damage to your device.Why Choose the 30W PD USB-C Fast Charger Cable?When you're in a rush, every minute counts, and this charger helps you get more from your day. Whether you’re heading out for a meeting, or you need to quickly power up before a night out, the 30W PD USB-C Fast Charging Cable provides the speed you need. Unlike traditional chargers, this cable uses Power Delivery to charge your device up to 50% in just 30 minutes, so you're ready to go in no time.

This charger is compatible with a wide range of iPhone models, from the latest iPhone 15 Pro Max to earlier versions like the iPhone 8 Plus. It’s perfect for users who need a reliable, fast charger that works every time. The 6A current capacity ensures that even larger devices, such as your iPhone 15 Pro Max, charge efficiently without overheating or causing any damage to your device.

The compact and portable design makes it ideal for travel, whether you're at the office, in the car, or traveling the world. Plus, with its durable construction, you won't have to worry about wear and tear—this cable is built to last. If you're tired of slow charging speeds and unreliable cables, upgrade to the 30W PD USB-C Fast Charging Cable today for faster, safer, and more efficient charging.Perfect for On-the-Go ChargingThis charger is ideal for anyone who needs a quick power boost while on the move. Whether you're running errands, working from your laptop, or enjoying your favorite show, the 30W PD USB-C Fast Charger ensures that your iPhone stays charged up throughout the day. No more waiting for hours to recharge your phone—just plug it in, and you're good to go!Ready for Faster, More Efficient Charging?If you're tired of waiting for your device to charge, make the switch to the 30W PD USB-C Fast Charging Cable. With its lightning-fast speeds, universal compatibility, and durable design, this cable is the ultimate accessory for keeping your iPhone powered up and ready for anything. Don’t settle for slow charging—get your fast charger today and experience the convenience of fast, reliable power on demand."
Lightning to USB 3.0 OTG Adapter for iPhone,https://sellviacatalog.com/product/1678755,US $1.43,"Effortless Data Transfer and Fast Charging for Your iPhoneUnlock the full potential of your iPhone with this versatile Lightning to USB 3.0 OTG Adapter. Designed for seamless data transfer and fast charging, this compact adapter ensures you can quickly connect USB devices like flash drives, keyboards, or cameras directly to your iPhone. Whether you’re looking to offload files, transfer photos, or use your iPhone for productivity, this OTG adapter makes it all possible. Perfectly compatible with iPhone models including iPhone 14 Pro Max, 13, 12, 11, X, XS, XR, and 8, it’s a must-have accessory for iPhone users who need more from their devices.Product FeaturesLightning to USB 3.0 Adapter:Quickly connect USB devices to your iPhone using this OTG adapter. Great for transferring photos, videos, and other files in seconds.Fast Charging:Support for fast charging ensures your iPhone gets powered up quickly, making this adapter ideal for those on the go.Data Transfer:Efficiently transfer data between your iPhone and USB devices, eliminating the need for a computer or Wi-Fi connection.Wide Compatibility:Works perfectly with a range of iPhone models including iPhone 14 Pro Max, 13, 12, 11, X, XS, XR, and 8, as well as other Lightning port devices.Compact & Portable:Small enough to fit in your pocket or bag, this adapter is easy to take with you wherever you go.Certified Quality:CE and RoHS certified for safety and reliability, ensuring a durable and safe connection between your devices.Why Choose This Lightning to USB OTG Adapter?This OTG adapter is the ideal solution for iPhone users looking for fast, efficient ways to transfer data or charge their device on the go. Its plug-and-play design ensures you can quickly access your files or charge up without complicated setup. Whether you’re connecting a USB drive to transfer photos or plugging in a keyboard for easy typing, this adapter is the bridge that connects your iPhone to a whole new world of possibilities. The fast charging feature ensures you can quickly power up your device when you’re in a rush.When Is This Product Best Used?This OTG adapter is perfect for anyone who needs to transfer files, backup photos, or use external devices like USB drives with their iPhone. It’s ideal for travelers who want to keep their phone charged and ready, professionals who need to move documents between devices, or photographers who want to quickly transfer images. The versatility of this adapter makes it an essential tool for a wide range of everyday situations, whether at home, in the office, or on the go.Make Your iPhone More PowerfulReady to take your iPhone experience to the next level? With this Lightning to USB 3.0 OTG Adapter, you can enjoy fast data transfers, quick charging, and seamless compatibility with a variety of USB devices. Don’t let your iPhone be limited—unlock its full potential with this must-have accessory. Add it to your cart today and start enjoying faster, more efficient connectivity!"
"M28 TWS Bluetooth Earphones with Touch Control, Noise Reduction, and Waterproof Design",https://sellviacatalog.com/product/1678720,US $2.86,"Immerse Yourself in High-Quality Sound with M28 TWS Wireless EarphonesUpgrade your listening experience with theM28 Wireless Bluetooth Earphones, designed for those who crave seamless audio and total freedom. These compact in-ear earphones deliver powerful stereo sound with TWS (True Wireless Stereo) technology, allowing you to enjoy your favorite music, calls, and podcasts without wires holding you back. With an ergonomic fit, touch control functionality, and noise reduction technology, these earbuds are crafted to keep up with your active lifestyle.Premium FeaturesBluetooth Connectivity– Enjoy stable, high-quality wireless audio with advanced Bluetooth technology.Touch Control– Effortlessly manage calls, music, and volume with intuitive touch controls.Noise Reduction– Reduces background noise for clearer sound, enhancing call quality and music immersion.Waterproof Design– Built to withstand splashes and sweat, perfect for workouts and outdoor activities.Built-in Microphone– Stay connected on the go with a crystal-clear microphone for hands-free calls.Perfect for Everyday UseThe M28 Wireless Earphones are ideal for use in any environment, from the gym to your daily commute. Whether you’re on a call, tuning into a podcast, or losing yourself in your favorite playlist, these earphones provide premium sound and comfort. Their waterproof design ensures you can use them in any weather, while touch control functionality allows easy adjustments without interrupting your flow.Why Choose the M28 Wireless Earphones?These earphones combine quality, comfort, and functionality in one sleek package. The TWS stereo sound offers a richer, more immersive audio experience, and the noise reduction technology allows you to focus on what matters. With an ergonomic fit and durable waterproof design, the M28 earphones are crafted to suit your busy lifestyle, whether at home, on the move, or at the gym.

Experience freedom and high-quality sound in every beat. Get your M28 Wireless Earphones today and enjoy the next level of wireless audio."
Modern Computer Desk with Storage Bag & Headphone Hook,https://sellviacatalog.com/product/1678702,US $19.14,"Perfect Desk for Work, Study, or GamingTransform your workspace with this modern and versatile computer desk, designed to suit any lifestyle and space. Whether you’re a remote worker, student, or gamer, this compact desk offers an ideal balance of style, functionality, and comfort. With its sleek look and multi-functional features, this desk enhances productivity while keeping your space organized. Available in various sizes and colors, it’s a flexible fit for any room – from home offices to dorm rooms.Strong and Sturdy DesignThis desk is crafted with a durable metal frame and a high-quality, waterproof, and scratch-resistant desktop, ensuring it stands the test of time. The robust construction can support up to 176 lbs, providing a stable surface for all your equipment, from heavy monitors to study materials. The powder-coated frame not only reinforces the desk’s durability but also gives it a sleek, modern finish that complements any décor style.Smart Storage SolutionsKeep your workspace tidy and essentials within reach. This desk features a side storage bag perfect for organizing notebooks, documents, or magazines. A convenient headphone hook keeps your headphones or bags off the floor and ready to use. These thoughtful storage additions make it easier than ever to keep your space clutter-free and organized, maximizing your productivity and focus.Simple and Quick AssemblyNo need to stress about setup. This desk comes with clear instructions and all necessary tools, making assembly a breeze. Whether you’re a DIY enthusiast or a novice, you’ll have your desk ready in no time. For added convenience, instructional videos are available, ensuring you can get started with your new desk effortlessly.Why Choose This Desk?Versatile & Compact– Ideal for working, studying, or gaming in small to medium-sized rooms.Durable Build– Sturdy metal frame with a waterproof and scratch-resistant desktop.Smart Storage– Features a side bag for storage and a hook for headphones or bags.Effortless Setup– Comes with easy-to-follow instructions and tools for quick assembly.Space-Saving Design– Sleek, minimalist design that optimizes room layout without compromising functionality.Get ready to enjoy a cleaner, more efficient workspace with this modern computer desk. Whether you need a productive zone for working or a relaxing spot for gaming, this desk is designed to meet all your needs. Upgrade your space with the perfect blend of style, functionality, and quality."
Wireless Bluetooth TWS In-Ear Headphones,https://sellviacatalog.com/product/1678694,US $2.61,"Product DescriptionTake your gaming and entertainment to the next level with these sleek, high-performance Bluetooth TWS In-Ear Earphones. Designed for low latency, rich stereo sound, and a comfortable fit, these wireless earphones are the perfect companion for gamers, music lovers, and anyone who craves exceptional audio performance. Whether you’re playing your favorite game, watching movies, or enjoying music, these earphones deliver crystal-clear sound and fast, lag-free audio. With an integrated digital display, you’ll always know your battery status and connection strength at a glance, keeping you fully in control of your listening experience.

Crafted for comfort and durability, these wireless earphones feature an ergonomic in-ear design that ensures a secure and snug fit. The dynamic sound profile, rich in deep bass and crisp highs, will make you feel as if you're in the middle of the action. Plus, the Bluetooth technology offers seamless connectivity with your devices—whether you're using a smartphone, tablet, or gaming console. Enjoy hassle-free audio without tangled wires or interruptions, and experience a new level of freedom with these advanced wireless earphones.

These earphones are perfect for long gaming sessions, commuting, or simply relaxing with your favorite music. With low-latency audio, they’re ideal for gaming, where timing is everything, ensuring you stay ahead of the competition. A must-have for anyone who wants high-quality audio in a stylish, portable design!Key FeaturesLow Latency for Gaming:Enjoy lag-free audio that’s perfect for gaming, ensuring that every action and sound is perfectly synchronized.Rich Stereo Sound:Delivers deep bass, clear mids, and crisp highs, giving you a truly immersive audio experience.Bluetooth Connectivity:Seamlessly connect with your smartphone, tablet, PC, or gaming console for a truly wireless experience.Digital Display:Monitor the battery life and connection status with a clear, easy-to-read digital display.Ergonomic In-Ear Design:Provides a comfortable, secure fit that stays in place during long gaming sessions or workouts.Convenient Control:Easily adjust volume and manage playback with the built-in control buttons.Why You'll Love These EarphonesThe K40 Wireless Bluetooth TWS In-Ear Earphones offer the perfect blend of performance, comfort, and convenience. Whether you’re in the middle of an intense gaming session or just relaxing with music, these earphones provide high-quality sound with low latency, ensuring you stay immersed in the experience. Their ergonomic in-ear design fits securely and comfortably, making them ideal for extended use.

What sets these earphones apart is their digital display, which allows you to easily check your battery level and connection status. Never be caught off guard by a dying battery again. Additionally, the Bluetooth functionality ensures you can connect to a wide variety of devices, from your smartphone to your gaming console, without the hassle of tangled wires. Plus, the low-latency feature ensures that you enjoy seamless audio when gaming, eliminating delays and ensuring you stay ahead of the action.

Perfect for entertainment, gaming, and on-the-go use, these wireless earphones offer the ultimate audio experience with rich sound, long-lasting comfort, and cutting-edge features. Whether you’re looking for high-quality gaming audio or crystal-clear music playback, the K40 earphones provide everything you need for an immersive experience.Perfect For:Gamers who need lag-free audio for a competitive edge in online games.Music lovers who want a deep, immersive sound with clear highs and rich bass.Commuters and travelers who want wireless, high-quality audio while on the go.Anyone who needs a stylish, comfortable, and portable pair of wireless earphones for everyday use.Don’t settle for less when it comes to your audio experience. Upgrade to the K40 Wireless Bluetooth TWS In-Ear Earphones and enjoy seamless audio with stunning sound quality. Perfect for entertainment, gaming, or simply relaxing with your favorite tunes, these earphones offer everything you need to enhance your listening experience. Get yours today and take your audio experience to new heights!"
Magnetic Kickstand Wireless Charger for iPhone with Fast Qi Charging,https://sellviacatalog.com/product/1678651,US $16.04,"Convenient Wireless Charging Made SimpleSay goodbye to tangled cables and hello to effortless power with the Magnetic Kickstand Wireless Charger. Designed for iPhone users, this sleek and portable charger offers fast Qi-enabled charging with up to 7.5W of output. Whether you’re catching up on calls, binge-watching your favorite shows, or gaming, this charger has you covered with its adjustable kickstand and long cable for uninterrupted use.Why You’ll Love ItThe Magnetic Kickstand Wireless Charger isn’t just another charger—it’s a lifestyle upgrade. With its award-winning design and impressive charging speeds comparable to official MagSafe chargers, this accessory seamlessly blends functionality with style. Its compact size ensures it fits perfectly into your pocket or bag, ready to keep you powered up wherever you go.Key FeaturesFast Wireless Charging:Enjoy quick and efficient charging with up to 7.5W of output, optimized for iPhones.Adjustable Kickstand:Stay hands-free with a stable, foldable stand that rotates between portrait, landscape, or any angle in between.Portable and Lightweight:Small enough to take anywhere, it easily transitions from home to office to on-the-go.5ft USB-A to C Cable:An extra-long cable for flexibility, whether you’re gaming, streaming, or working.Magnetic Precision:Compatible with iPhone 15/14/13/12 series and magnetic cases for secure alignment every time.Unmatched VersatilityThe adjustable kickstand transforms this wireless charger into a multi-functional tool. Perfect for video calls, streaming, or even scrolling through social media, it lets you set your phone at the ideal angle for any activity. Whether at your desk, kitchen counter, or nightstand, this charger is as versatile as your lifestyle demands.Benefits You’ll AppreciateConvenience of wireless charging without sacrificing speed.Compact design for ultimate portability and ease of travel.Enhanced usability with a built-in kickstand for hands-free use.Extra-long cable ensures you’re never tied down.Power Up Your DayWhether you’re at home, the office, or on the move, the Magnetic Kickstand Wireless Charger keeps your iPhone charged and ready for whatever comes next. Elevate your charging game with the perfect blend of convenience, performance, and design. Stay connected, stay entertained, and stay powered up—anytime, anywhere.Don’t wait—upgrade your charging experience today!"
"3-in-1 Foldable Magnetic Wireless Charging Stand for iPhone, Apple Watch, and AirPods",https://sellviacatalog.com/product/1678644,US $28.77,"All-in-One Charging Solution for Apple DevicesKeep your Apple devices powered up in style with this sleek and compact 3-in-1 foldable magnetic wireless charging stand. Designed to charge your iPhone, AirPods, and Apple Watch simultaneously, this high-performance charging station delivers fast and efficient power without the hassle of tangled cables. Whether you're at home, at the office, or on the go, this charging stand ensures your devices are always ready to go. Its foldable design makes it incredibly portable, and the magnetic function secures your devices in the optimal charging position for a smooth, reliable experience.Features & Benefits3-in-1 Charging Station:Charge your iPhone, Apple Watch, and AirPods all at once. No more cluttered cables or multiple charging stations!Magnetic Wireless Charging:Equipped with built-in magnets, this charger ensures your iPhone aligns perfectly for fast and stable wireless charging. Supports iPhone 12 and newer models, including the iPhone 16/15/14/13 series.Compact & Foldable Design:This charger folds down to half the size of your phone, making it incredibly portable. Weighing just 0.43 lbs and less than an inch thick when folded, it's perfect for traveling or keeping your space organized.Fast 20W Charging:With the included QC 3.0 adapter, enjoy fast charging speeds for your iPhone, Apple Watch, and AirPods. Power up your devices quickly and efficiently.Premium Build Quality:Crafted from aviation-grade aluminum alloy and featuring a stainless steel roll axis, this charger is both durable and stylish. The anti-slip silicone layer ensures a secure grip, and the metal body improves heat dissipation for safer, more efficient charging.Universal Compatibility:This charger is compatible with a wide range of Apple devices, including iPhone 16/15/14/13 series, Apple Watch Ultra/Series 8-2, and AirPods 2/Pro/Pro 2/3.Safety Features:Qi-certified with multi-protection safeguards to prevent overcharging, overheating, and short circuits, ensuring your devices are protected at all times.Why This Charger Stands OutThis 3-in-1 wireless charging stand is the perfect solution for anyone who owns multiple Apple devices. It eliminates the need for multiple chargers and cords, keeping your workspace clean and organized. The magnetic alignment ensures your iPhone stays in place for optimal charging, while the adjustable stand provides the flexibility to charge your devices in either horizontal or vertical positions.

Whether you’re at home, at work, or traveling, this charging stand is a game-changer. Its portable, foldable design makes it easy to carry with you, so you can enjoy fast and reliable charging wherever you are. Plus, the sleek aluminum body gives it a premium feel that matches the elegance of your Apple devices.Perfect for Apple FansFor those who value both style and functionality, this 3-in-1 foldable charging stand is a must-have. It combines the best of both worlds—efficient, fast charging with a design that complements your Apple ecosystem. Say goodbye to tangled cords and hello to a sleek, streamlined solution that keeps all your devices powered up at once.

Ready to simplify your charging setup and keep your devices charged in style? Order your 3-in-1 foldable wireless charging stand today and experience the ultimate convenience for your Apple devices!"
"3-in-1 Magnetic Wireless Charging Stand for iPhone, Apple Watch & AirPods",https://sellviacatalog.com/product/1678643,US $32.59,"Revolutionize Your Charging SetupSay goodbye to clutter and tangled wires with this 3-in-1 magnetic wireless charging stand. Designed to charge your iPhone, Apple Watch, and AirPods all at once, this sleek and stylish station makes staying powered up easier than ever. With fast charging capabilities, a fun basketball-inspired design, and a strong magnetic hold, this charging stand is the perfect addition to your home or office setup. Keep your space neat, organized, and fully charged without the hassle of multiple cables or chargers.Features & Benefits3-in-1 Wireless Charging:Charge your iPhone, Apple Watch, and AirPods simultaneously. This stand supports the iPhone 16/15/14/13/12 series, Apple Watch Ultra/Series 8-2, and AirPods 4/3/2 series, making it a versatile charging solution for all your Apple devices.Magnetic Alignment:Built-in N52 magnets ensure that your devices are perfectly aligned for fast and stable wireless charging. Simply place your devices on the stand, and the magnets will automatically secure them in the ideal position.Fast Charging Power:Enjoy 15W fast charging on both the iPhone and AirPods sections, so you can power up your devices quickly. The Apple Watch charging area offers 5W of charging power, making it a complete charging solution.Basketball-Inspired Design:Not just a functional charger—this stand is also a fun and stylish desktop ornament. Featuring a removable basketball hoop accessory, it adds personality and flair to your space while keeping your devices charged.Adjustable Viewing Angle:The phone charging stand is adjustable up to 46°, allowing you to charge your phone both vertically and horizontally for the best viewing angles while watching videos or FaceTiming.Safe and Reliable Charging:Equipped with built-in temperature control, surge protection, short circuit prevention, and over-voltage protection, this charging station ensures that your devices stay safe during charging.Easy to Use:The non-slip silicone pad ensures that your devices remain steady while charging. Plus, the charging stand comes with additional accessories, including a phone magnetizer and two basketball toys, adding both fun and functionality to your setup.Why Choose This Charging Stand?This 3-in-1 wireless charging stand is perfect for anyone who owns multiple Apple devices and wants a stylish, all-in-one charging solution. Whether you're at home or at the office, this stand keeps your devices organized and powered up without the hassle of multiple cords and chargers. The strong magnetic alignment ensures that your devices stay securely in place, and the fast-charging technology means you can quickly charge your devices without any downtime.

What makes this charging stand special is not just its functionality, but its unique design. Inspired by a basketball hoop, this stand is a fun, conversation-starting addition to your desk or nightstand. With its adjustable stand and magnetic wireless charging capabilities, it offers the perfect blend of practicality and style. Plus, the included accessories—like the basketball toys and phone magnetizer—add an extra layer of enjoyment to your charging experience.Get Organized and Stay PoweredTake your charging game to the next level with this 3-in-1 magnetic wireless charging stand. Perfect for any Apple enthusiast, this stand provides a fast, reliable, and fun way to keep all your devices charged and ready to go. Order yours today and experience the convenience and style that comes with this all-in-one charging solution!"
Magnetic Quick Release Flexible Tripod for Smartphones,https://sellviacatalog.com/product/1678640,US $10.17,"Capture Every Moment with Ease and FlexibilityThe Magnetic Quick Release Flexible Tripod is the perfect companion for your photography and videography needs. Designed for versatility and durability, this tripod is compatible with a wide range of smartphones, including iPhone 15, 14, 13, and 12 Pro Max, Samsung, HUAWEI, and Xiaomi models. Whether you're creating content at home, capturing breathtaking landscapes, or vlogging on the go, this tripod delivers stability and convenience like never before.Product FeaturesFlexible and Durable Design:Adjustable legs wrap securely around various surfaces for unique angles and creative shots.Magnetic Quick Release:Effortlessly attach and detach your phone with the powerful magnetic head that rotates in both directions.Compact Yet Sturdy:At 11.8 inches in length, it supports up to 4.4 pounds, ensuring stability for your phone and accessories.Essential Accessories Included:Magnetic phone ring, magnetic plates, magnetic fill light, dual-claw adapter, safety rope, remote controller, cleaning kit, and more.Safety in Elevated Environments:Comes with an anti-loss rope for secure use in high or water-exposed locations.Why Choose This Tripod?This tripod isn't just a stand—it’s a game-changer for creators and hobbyists alike. Its flexible legs allow you to wrap it around poles, branches, or uneven surfaces, making it ideal for capturing perfect shots anywhere. The magnetic quick-release system ensures you can switch setups effortlessly, saving time while maintaining reliability. With additional features like the included magnetic fill light and remote control, you’re set to elevate your photography and videography skills.Benefits You'll LoveEasy to set up and use, even in challenging environments.Portable and lightweight for on-the-go convenience.Secure magnetic connection ensures your phone stays in place.Versatile applications—perfect for travel, home videos, or professional shoots.Enhanced safety with anti-loss rope for high-risk locations.Make Your Moments MemorableWhether you're an aspiring content creator, an adventurer capturing memories, or simply someone who loves taking high-quality photos, the Magnetic Quick Release Flexible Tripod is your must-have tool. With its innovative features, reliable accessories, and unmatched convenience, it's the ultimate tripod for all your smartphone photography needs. Take the leap and revolutionize the way you capture life's best moments!"
Versatile U-Bolt Mount for Cycling & Vehicle Action Cameras and Smartphones,https://sellviacatalog.com/product/1678632,US $25.31,"Experience Stability and Flexibility on Every RideWhether you're an adrenaline-seeking cyclist or an everyday commuter, this versatile U-Bolt Mount is designed to keep your action cameras and smartphones securely attached to your bike or vehicle. Perfect for recording adventures, capturing smooth footage, or staying connected hands-free, this mount offers a reliable and adjustable solution for devices weighing up to 0.77 lbs. Its robust design ensures stability on rough terrains and sharp turns.Outstanding Features for Maximum UtilityWide Compatibility:Designed for action cameras and smartphones, it supports leading brands like GoPro, Insta360, DJI, and Canon.Durable Materials:Built with high-strength aluminum alloy and polyamide for long-lasting performance.Enhanced Safety:Patented rosette structure ensures secure positioning and stability during your rides.Adjustable and Flexible:Enjoy effortless angle adjustments and bidirectional flexibility to capture unrestricted perspectives.Lightweight and Portable:Compact design weighs only 7.3 oz, making it easy to carry and mount on tubes ranging from 0.5 to 1.3 inches in diameter.Quick and Easy Setup:Features the CapLock system for fast assembly and disassembly.Why Choose This U-Bolt Mount?This mount stands out with its thoughtful design and premium construction. Whether you're filming mountain biking trails, driving scenic routes, or recording sports activities, its adjustable angles and multiple interfaces ensure you never miss the perfect shot. The anti-loosening washers and rubber cushion blocks provide added security, even in high-vibration scenarios.Benefits You’ll LoveSeamlessly switch between devices with the CapLock quick-release clamp.Capture smooth, dynamic footage with adjustable angles and stable mounting.Lightweight and compact for effortless portability.Compatible with a wide range of tube sizes for maximum versatility.Durable construction stands up to rugged outdoor use.Unlock New Perspectives TodayGet ready to elevate your cycling or driving experience with this high-performance U-Bolt Mount. Whether you're recording breathtaking landscapes or vlogging on the go, this mount offers the stability and flexibility you need. Secure your order now and start capturing your adventures like never before!"
Magnetic Flexible Phone Mount Clamp Stand Holder,https://sellviacatalog.com/product/1678628,US $6.72,"Experience Ultimate Convenience with Our Magnetic Flexible Phone HolderSay goodbye to awkward phone handling and hello to effortless convenience! OurMagnetic Flexible Phone Mount Clamp Stand Holderis the perfect solution for anyone seeking a secure and versatile way to mount their smartphone. Designed for universal compatibility, this holder works seamlessly with all major smartphones, making it your go-to accessory for hands-free convenience.Key FeaturesThis phone holder is packed with innovative features designed to make your life easier. Here’s what you can expect:Magnetic Power:Secure your phone with strong magnetic technology, ensuring a firm and reliable grip without slipping.Flexible Design:The adjustable arm provides endless angles, making it perfect for video calls, recording, or streaming.Universal Compatibility:Works with all major smartphone brands, including iPhone, Samsung, HUAWEI, and Xiaomi.Clamp Stand:The sturdy clamp design attaches easily to any surface up to 2 inches thick.No Chemicals:Made from safe, high-quality materials with no harmful chemicals.Why Choose This Phone Holder?Our phone holder isn’t just functional—it’s transformative. Whether you're working, driving, or relaxing, this device ensures your phone is always accessible without being intrusive. Its sleek design blends seamlessly into any environment, from your office desk to your kitchen counter.

Perfect for multitaskers, it provides unmatched stability for video conferencing, watching tutorials, or capturing content. The magnetic attachment keeps your phone secure while allowing easy repositioning, so you can switch angles without any hassle.Benefits You'll LoveEnjoy hands-free convenience during calls, cooking, or workouts.Protect your phone from accidental drops with a firm magnetic grip.Effortlessly adjust angles for perfect viewing every time.Use it anywhere—desks, tables, or even bedside for ultimate versatility.Save time and frustration with easy installation and hassle-free use.Upgrade Your Everyday RoutineDon’t settle for clunky or unreliable phone holders. Elevate your daily routine with ourMagnetic Flexible Phone Mount Clamp Stand Holder. Click “Add to Cart” now and enjoy the perfect blend of style, functionality, and convenience in your smartphone setup!"
Flexible Selfie Stick Tripod with 360° Adjustment for Cameras & Smartphones,https://sellviacatalog.com/product/1678627,US $5.65,"Unleash Your Creativity Anywhere with This Flexible Selfie Stick TripodLooking for the ultimate tool to elevate your photography and videography? This flexible selfie stick tripod is your perfect companion. Designed for versatility, it transforms into a tripod, a selfie stick, or even a unique neck mount! Bend it, wrap it, or adjust it to capture stunning angles anywhere. Whether you’re exploring new travel destinations, vlogging your adventures, or documenting special family moments, this device adapts to your every need. Lightweight, durable, and endlessly adjustable, it’s perfect for capturing life’s best moments with ease.Key Features360° Adjustment:Achieve the perfect angle every time with a pivoting top mount.Flexible Mount:Soft yet strong aluminum strips bend and wrap around virtually any object.Multi-Use Design:Functions as a selfie stick, tripod, octopus mount, or neck mount.Wide Compatibility:Works seamlessly with GoPro, Insta360, DJI cameras, and all smartphones.Eco-Friendly Materials:Made with skin-friendly, non-slip silicone for secure handling.Compact & Lightweight:At just 4.5 oz and 20.5 inches long, it’s easy to carry anywhere.Why You’ll Love ItThis flexible selfie stick tripod is more than just a camera accessory—it’s your ticket to unparalleled creativity. Its bendable design means you can mount it on uneven surfaces, wrap it around poles, or hold it comfortably for selfies. The 360° adjustable mount ensures that every shot is perfectly aligned, whether you’re capturing sweeping landscapes or intimate portraits. The high-quality materials ensure durability while staying gentle on your hands and environment.Perfect for Any OccasionWhether you’re hiking rugged trails, fishing by the sea, filming workout routines, or capturing road trip highlights, this selfie stick tripod is built to adapt. Its lightweight and portable design make it the perfect travel companion, while its versatility ensures you’ll always have the right tool for the job. From professional shoots to casual snapshots, it’s ready for everything.Benefits at a GlanceUnlock creative shooting angles with bendable flexibility.Enjoy hands-free photography with the tripod feature.Compatible with a wide range of devices, from cameras to phones.Effortless portability for on-the-go lifestyles.Durable and eco-friendly materials for lasting performance.Make Every Moment Picture-PerfectDon’t miss the chance to enhance your photography game. This flexible selfie stick tripod is the ultimate tool to turn ordinary moments into extraordinary memories. Grab yours today and start capturing life from every angle!"
Waterproof Case for iPhone 15 Pro Max - IP68 Dustproof & Shockproof Cover,https://sellviacatalog.com/product/1678622,US $6.46,"Unmatched Protection for Your iPhone 15 Pro MaxDiscover ultimate peace of mind with this premium waterproof case designed exclusively for the iPhone 15 Pro Max (6.7-inch, 2023). Built to combine style, functionality, and durability, this IP68-certified case is the perfect companion for any adventure, whether you're diving into the depths of a pool or tackling everyday challenges. With its sleek design and magnetic compatibility for wireless charging, this case offers all-in-one convenience without compromising your phone’s protection.Built for Every OccasionThis case isn't just for water enthusiasts; it's engineered to perform in a wide range of scenarios. Take it to pool parties, rafting trips, or even off-road adventures. Thanks to its IP68 waterproof certification, it can withstand submersion up to 6.6 feet for one hour. The fully sealed design also provides dustproof and shockproof performance, making it your go-to accessory for everyday protection and extreme conditions alike.Features That Set It ApartIP68 Waterproof Certification:Keeps your phone safe underwater for up to 6.6 feet deep for 1 hour.Built-in Screen Protector:HD PET film prevents scratches and offers smooth, responsive touch sensitivity.Military-Grade Drop Protection:Survives drops from up to 12 feet with a double-layer shock-absorbing design and reinforced corners.MagSafe Compatible:Wireless charging made simple with no need to remove the case.2-in-1 Functionality:Use the magnetic ring as a convenient phone stand.Comprehensive Camera Protection:Tempered glass lens cover preserves image clarity while guarding against damage.Clear Sound Quality:Waterproof microphone and charging port plugs ensure seamless calls and music playback.Why Choose This Waterproof Case?Unlike standard phone cases, this product provides 360-degree protection with advanced technology and a thoughtful design. The combination of waterproof, dustproof, and shockproof capabilities ensures your iPhone remains unscathed in every situation. Whether you're snapping underwater photos or handling rough terrains, this case delivers unmatched reliability and convenience.Key BenefitsProtects your iPhone from water, dust, and drops for complete peace of mind.Preserves original sound and camera quality with specially designed protective features.Seamlessly supports wireless charging and magnetic attachments for hassle-free use.Acts as a versatile phone stand for easy viewing on the go.Provides military-grade durability for rugged environments.Embrace Adventure with ConfidenceReady to elevate your iPhone 15 Pro Max protection? This waterproof case is your ultimate companion, blending cutting-edge features with rugged durability to keep your phone safe in any scenario. Dive into your next adventure, knowing your device is secure every step of the way. Get yours now and enjoy uncompromising protection with style and convenience."
Triple Suction Cup Car Mount with 360° Rotation for Action Cameras & Smartphones,https://sellviacatalog.com/product/1678619,US $45.04,"Revolutionize Your Action Shots with the Triple Suction Cup Car MountCapture breathtaking footage and stunning stills effortlessly with the versatile Triple Suction Cup Car Mount. Designed for adventurers, filmmakers, and content creators, this innovative mount is your ultimate tool for hands-free shooting. Whether you’re racing down the highway, filming extreme sports, or recording smooth indoor scenes, this mount guarantees stability and precision. Its durable build, ease of use, and wide compatibility make it a must-have accessory for anyone looking to elevate their photography or videography game.Unmatched Features for Every Shooting ScenarioQuick Release System:Say goodbye to time-consuming adjustments. The CapLock system allows one-step installation with a secure dual-lock design for added safety.Wide Compatibility:Works seamlessly with action cameras, smartphones (requires a phone clamp), and 1/4"" adapter-equipped devices, ensuring flexibility for various shooting needs.Enhanced Suction Power:Triple suction cups with thickened elastic resin ensure a firm grip on flat, nonporous surfaces like car glass, polished desktops, and smooth walls.360° Panoramic View:The dual-ball magic arm offers complete tilt and rotation control for dynamic angles and panoramic shots.Lightweight Yet Durable:Crafted from high-strength aluminum alloy, it’s portable without compromising reliability.Why Choose This Car Mount?Designed for convenience and performance, this mount stands out with its triple suction cup base, ensuring unparalleled stability. The adjustable 360° rotation delivers the flexibility to capture every angle with ease. Its quick-release mechanism saves you time, while the dual-lock system keeps your gear secure even in the most demanding conditions. Compact yet powerful, this mount is perfect for extended sports filming, road trips, or creative indoor shoots.Key BenefitsSturdy & Reliable:Ensures stable footage, even during dynamic movements.Versatile Mounting Options:Compatible with action cameras, smartphones, and more.Easy Adjustments:Quick-release and 360° rotation features simplify your setup.Portable & Lightweight:Ideal for on-the-go creators.Enhanced Creativity:Supports diverse angles and scenarios for professional-quality results.Take Your Creativity AnywhereFrom adrenaline-filled adventures to tranquil indoor shots, this mount is perfect for a variety of environments. Use it to film on car windows, smooth walls, or polished surfaces with confidence. Its robust design ensures your equipment stays secure, letting you focus on capturing unforgettable moments. Whether you’re a seasoned professional or a beginner, this mount is the ultimate companion for your creative journey.Don’t Miss Out – Elevate Your Shots Today!Take your content creation to the next level with the Triple Suction Cup Car Mount. Its versatility, stability, and ease of use make it a standout accessory for action cameras and smartphones alike. Don’t settle for ordinary – grab yours now and start creating extraordinary content with ease!"
"4-in-1 Selfie Stick with Tripod, Adjustable Hand Grip & 360° Rotation for Cameras & Phones",https://sellviacatalog.com/product/1678602,US $8.17,"Capture Every Moment with Precision and EaseThe 4-in-1 Selfie Stick with Tripod is your ultimate companion for photography and videography, designed to provide unparalleled versatility and convenience. Whether you’re shooting with an action camera, smartphone, or any other compatible device, this accessory transforms your creative possibilities with its adjustable length, built-in tripod, and 360° rotation capabilities.

Compact and lightweight, this multifunctional tool fits seamlessly into your lifestyle, making it perfect for on-the-go adventures, family gatherings, or professional shoots. It’s more than just a selfie stick – it’s your gateway to capturing memories from every angle.Key Features3-in-1 Design:Use it as a selfie stick, tripod, or stabilizer for unmatched flexibility.Adjustable Length:Extendable from 8.7 inches to 21.6 inches to suit your needs.360° Rotation:Achieve limitless framing with horizontal and vertical adjustments.Built-in Tripod:Features a foldable tripod base with non-slip silicone pads for stability on any surface.Ergonomic Grip:Smooth, contoured handle designed for maximum comfort during use.Wide Compatibility:Works with smartphones, action cameras, and other devices.Portable Design:Compact size and anti-loss strap make it easy to carry and use anywhere.\Size:223 x 49 x 44 mmWhy Choose This Selfie Stick?This 4-in-1 accessory is perfect for travel enthusiasts, vloggers, and anyone looking to elevate their content creation. With its ergonomic design and robust construction, it combines practicality with performance. The tripod mode ensures steady shots, while the adjustable length lets you frame the perfect shot every time.

The 360° rotation feature gives you complete creative freedom, making it ideal for capturing group photos, dynamic action shots, or even stable time-lapse videos. Its versatility and ease of use set it apart, offering functionality that adapts to every need.Benefits You'll LoveVersatility:Use it in multiple modes to suit any scenario.Portability:Lightweight and compact design ensures it’s easy to carry on your adventures.Stability:Tripod base with anti-slip pads keeps your camera or phone steady on uneven surfaces.Creativity Unleashed:360° rotation allows for dynamic and creative shots.Comfortable to Use:Ergonomic handle fits perfectly in your hand for extended shooting sessions.Take Your Photography to the Next LevelWhether you’re a beginner or a seasoned content creator, the 4-in-1 Selfie Stick with Tripod will redefine the way you capture moments. Portable, reliable, and brimming with features, it’s the accessory you never knew you needed. Don’t settle for average shots—upgrade your gear and bring your creative vision to life today!"
Adjustable Foldable Desktop Phone Stand with 360° Magnetic Mount,https://sellviacatalog.com/product/1678599,US $10.32,"Enhance Your Productivity with the Perfect Phone StandThe Adjustable Foldable Desktop Phone Stand with 360° Magnetic Mount is the ultimate companion for your smartphone. Crafted from premium aluminum alloy, this durable and stable stand lets you enjoy a hands-free experience whether you're watching videos, recording content, or attending virtual meetings. Its sleek and foldable design ensures easy portability, while the adjustable height and angle allow you to find the perfect position for every task.Features That Make It a Must-HavePremium Build:Made from high-quality aluminum alloy for exceptional durability and stability.Magnetic Phone Mount:Designed for iPhone 12/13/14 series with direct compatibility; external magnet sheet (not included) required for other models.360° Rotatable Mount:Easily adjust your phone's angle and orientation for maximum comfort.Adjustable Height:Telescopic design extends from 6.7 inches to 11.8 inches, accommodating your preferred viewing level.Non-Slip Stability:A wide base with a non-slip pad ensures the stand stays securely in place.Portable Design:Foldable and lightweight, making it perfect for home, office, or travel use.Benefits You’ll LoveHands-Free Convenience:Ideal for video calls, tutorials, and binge-watching your favorite shows.Better Posture:Reduces neck and back strain by elevating your phone to eye level.Multi-Angle Flexibility:360° rotation and adjustable height let you customize your viewing experience.Sturdy and Secure:Keeps your phone steady even during intense tasks like typing or scrolling.Portable and Versatile:Compact design makes it easy to carry wherever you go.Why Choose This Stand?Unlike ordinary phone stands, this model offers the perfect balance of functionality and style. Its magnetic mount securely holds your device, while the 360° rotation and adjustable height make it adaptable for a wide range of uses. Whether you're creating content, attending meetings, or simply enjoying entertainment, this stand is built to keep up with your lifestyle.Take Control of Your Smartphone ExperienceUpgrade your workspace or leisure setup with the Adjustable Foldable Desktop Phone Stand. Its premium features and ergonomic design make it a standout accessory for anyone seeking convenience and style. Don't settle for less—get yours today and transform the way you use your phone!"
Foldable and Adjustable Desk Stand for Smartphones and Tablets,https://sellviacatalog.com/product/1678584,US $7.59,"Elevate Your Device ExperienceTake convenience and style to the next level with this versatile foldable desk stand for smartphones and tablets. Designed with premium materials, this stand combines durability and portability, making it the perfect companion for your devices. Whether you're working, studying, streaming, or simply relaxing, this stand keeps your device securely in place while providing a hands-free experience like no other.Key FeaturesDurable and Stable:Crafted from high-quality ABS, aluminum, and silicone, this stand is built to last. The solid weighted base and non-slip silicone pads ensure your device stays secure, preventing slips and scratches.Adjustable Height and Angles:Featuring a 9-level angle adjustment, this stand can be customized for optimal viewing, reducing strain during long usage.Foldable and Lightweight:At just 8mm thick and weighing only 6 oz, this compact stand easily folds up for portability and storage.Wide Compatibility:Perfect for 4-12 inch devices, including iPads, tablets, iPhones, Samsung Galaxy phones, and more.Thoughtful Design:The stand incorporates ergonomic features, gear adjustment technology, and a charging port cutout for hassle-free usage.Why Choose This Phone and Tablet Stand?This stand is more than just a device holder; it's a versatile solution to improve your daily tasks. Whether you're cooking with a recipe on your tablet, video chatting with friends, or binge-watching your favorite series, this stand offers unmatched convenience. The adjustable angles ensure you can maintain the perfect viewing posture, while its durable build protects your device from accidental falls or scratches.Benefits You'll LoveHands-Free Comfort:Say goodbye to holding your device for extended periods.Improved Productivity:Multitask efficiently by keeping your device upright and accessible.Enhanced Portability:Its lightweight, foldable design makes it easy to carry wherever you go.Device Safety:Non-slip silicone and a sturdy base ensure maximum security for your gadgets.Perfect for Every SituationWhether you're working at your desk, traveling, or relaxing at home, this stand is designed to complement any environment. Its sleek, minimalist design adds a modern touch to your workspace while offering unmatched functionality.Ready to Upgrade Your Setup?Transform the way you use your devices with this foldable and adjustable desk stand. With its premium features, durable build, and universal compatibility, this stand is the ultimate accessory for anyone seeking convenience and style. Get yours today and experience hands-free functionality like never before!"
Magnetic Slim Phone Case,https://sellviacatalog.com/product/1678583,US $7.21,"Premium Protection Meets Sleek FunctionalityElevate your iPhone 14 Pro or Pro Max experience with this Magnetic Slim Phone Case. Designed for both style and practicality, this case provides robust protection while adding a touch of sophistication to your device. Featuring a built-in kickstand, seamless wireless charging compatibility, and a durable yet slim construction, it’s the perfect accessory for anyone on the go.Product FeaturesMagnetic Compatibility:Strong magnetic alignment ensures secure attachment for wireless charging and other magnetic accessories.Built-In Kickstand:Enjoy hands-free convenience for video calls, streaming, or browsing with the integrated adjustable kickstand.Slim and Lightweight Design:Maintains the sleek profile of your phone without compromising on protection.Full Wireless Charging Support:No need to remove the case—charge your device wirelessly with ease.Durable Metal Frame:Reinforced edges and a scratch-resistant surface keep your phone safe from everyday wear and tear.Half-Wrapped Design:Offers edge-to-edge protection while providing quick access to ports and buttons.When and Why to Use ItThis case is ideal for everyday use, whether you're heading to work, traveling, or relaxing at home. The magnetic feature enhances functionality by supporting MagSafe wireless charging and other compatible accessories, making it a great choice for tech enthusiasts. The kickstand is perfect for streaming or hands-free use during video calls, ensuring you stay productive and entertained on the go.What Makes It Special?The combination of practicality and style sets this case apart. Its magnetic compatibility simplifies your charging routine, while the slim design ensures your phone remains pocket-friendly. The integrated kickstand adds versatility, and the durable metal frame offers long-lasting protection, making it an all-in-one solution for your device.Benefits at a GlanceEnhanced functionality with magnetic alignment and wireless charging compatibility.Adjustable kickstand for hands-free convenience.Durable yet slim construction to maintain the sleekness of your phone.Easy access to all buttons and ports.Perfect for daily use, travel, or professional settings.Upgrade Your Phone TodayExperience premium protection and enhanced functionality with this Magnetic Slim Phone Case. Whether you’re charging, streaming, or simply carrying your phone, this case is designed to keep up with your lifestyle. Protect your iPhone 14 Pro or Pro Max in style—get yours today!"
Magnetic Leather Phone Case,https://sellviacatalog.com/product/1678581,US $14.23,"Premium Leather Case with Magnetic FunctionalityProtect your iPhone 16 Pro or Pro Max in style with this Magnetic Leather Phone Case. Designed for seamless integration with MagSafe accessories, this case offers a perfect blend of sophistication and practicality. With built-in wireless charging compatibility, shock-proof construction, and a versatile kickstand, it’s the ultimate accessory for your phone.Product FeaturesMagnetic Compatibility:Effortlessly supports wireless charging and MagSafe accessories for a streamlined experience.Luxurious Leather Finish:Premium texture offers a stylish and comfortable grip.Shock-Proof Protection:Durable bumper construction shields your device from drops and impacts.Integrated Kickstand:Enjoy hands-free convenience for video calls, streaming, and browsing.Non-Slip Design:Ensures a secure hold, reducing the risk of accidental slips.Built-In Ring Holder:Provides added functionality for easy handling and enhanced stability.When to Use ItThis case is perfect for everyday use, whether you're at work, traveling, or relaxing at home. The magnetic compatibility enhances efficiency during wireless charging or when paired with MagSafe accessories. The kickstand and ring holder add practicality, making it ideal for entertainment or multitasking on the go.What Makes It Special?The unique combination of a premium leather finish, magnetic functionality, and added features like the kickstand and ring holder make this case stand out. It offers reliable protection without compromising on style or convenience, making it the perfect choice for tech-savvy individuals.Benefits at a GlanceSeamless wireless charging and MagSafe accessory support.Shock-proof protection for everyday durability.Stylish leather finish with a comfortable grip.Kickstand and ring holder for added versatility.Non-slip design for secure handling.Upgrade Your Phone’s ProtectionElevate your iPhone 16 Pro or Pro Max experience with this Magnetic Leather Phone Case. Combining elegance, durability, and cutting-edge features, this case is the ultimate accessory for protecting and enhancing your device. Order yours today and enjoy the perfect balance of style and functionality!"
360° Rotatable Phone Tripod Mount with Dual Cold Shoe Mounts for Vlogging,https://sellviacatalog.com/product/1678580,US $7.67,"Enhance Your Vlogging and Live Streaming ExperienceTake your content creation to the next level with the 360° Rotatable Phone Tripod Mount. Designed for versatility and functionality, this aluminum alloy phone holder is perfect for vloggers, live streamers, and selfie enthusiasts. Its sleek design, combined with robust durability, makes it a must-have tool for capturing stunning visuals anytime, anywhere.Innovative Features for Maximum ConvenienceWhether you're recording videos or snapping selfies, this tripod mount has you covered. Its universal compatibility ensures a snug fit for smartphones with a width range of 2.2 inches to 3.5 inches. The non-slip rubber padding not only prevents scratches but also ensures your phone stays securely in place during use. With dual cold shoe mounts, you can easily attach a microphone and a fill light simultaneously, adding a professional edge to your video quality.Why Choose This Phone Tripod Mount?360° Rotation:Effortlessly switch between horizontal and vertical modes with full 360° adjustability.Pitch Angle Adjustment:Find the perfect angle for every shot with easy pitch adjustments.Portable and Lightweight:Weighing only 3.8 ounces, it's compact enough to fit in your bag, making it ideal for travel and outdoor shoots.Durable Build:Made from sturdy aluminum alloy, this mount is built to last and withstand frequent use.Flexible Installation:The bottom cold shoe adapter and 1/4-inch screw hole let you mount it on tripods, cameras, or other setups effortlessly.Unleash Your Creativity Anytime, AnywhereWhether you're at home, outdoors, or in a studio, this phone holder is the ultimate companion for content creators. Perfect for live streaming, vlogging, or recording professional-looking videos, it offers unmatched flexibility and stability. The dual cold shoe mounts allow you to capture crisp audio and add lighting for flawless visuals. Its compact size ensures you’re always ready to create on the go.Upgrade Your Content Game TodayDon't let your creative potential be limited by your gear. This 360° Rotatable Phone Tripod Mount is the tool you need to achieve polished, professional results every time. Whether you're a beginner or a seasoned pro, it's the perfect addition to your kit. Click the ""Add to Cart"" button now and start creating like never before!"
"3-in-1 MagSafe Qi2 Charging Station for iPhone, Watch & AirPods",https://sellviacatalog.com/product/1678579,US $55.64,"Revolutionize Your Charging ExperienceSay goodbye to cluttered cords and hello to seamless charging with the ultimate 3-in-1 MagSafe Qi2 Charging Station. Designed for iPhone 16/15/14/13, Apple Watch, and AirPods, this sleek and efficient charging stand keeps your essentials powered up effortlessly. With fast and reliable charging, adjustable viewing angles, and magnetic snap-on convenience, this station is your perfect companion for home, office, or travel.Unmatched Features for Everyday ConvenienceExperience the perfect blend of technology and design with these standout features:Certified Fast Charging:Qi2-certified MagSafe technology delivers 15W power for your iPhone, ensuring safer, faster, and more reliable charging.Made for Apple Watch:Official certification guarantees secure and efficient charging for all Apple Watch models.Magnetic Alignment:Strong magnets align your phone perfectly for hassle-free, secure charging with a satisfying snap.Adjustable Viewing Stand:Switch effortlessly between portrait and landscape modes for hands-free viewing at your preferred angle.Foldable and Portable Design:Compact and lightweight, it's easy to carry for charging on the go.Why You’ll Love ItThis charging station is more than just a gadget—it’s a lifestyle upgrade. Here’s why you’ll fall in love:Streamlined Charging:Charge your iPhone, Apple Watch, and AirPods simultaneously from a single compact station.Effortless Organization:Eliminate messy cables and create a clean, minimalist workspace.Safe and Reliable:Certified for safety and quality, offering peace of mind with every charge.Versatile Viewing:Perfect for Zoom calls, watching videos, or FaceTiming hands-free, in any orientation.Travel-Ready:Foldable, lightweight, and durable, making it the perfect companion for life on the go.Elevate Your Charging Game TodayTransform how you power your devices with this 3-in-1 MagSafe Qi2 Charging Station. Its innovative features and stylish design are crafted to simplify your life and keep you connected effortlessly. Don’t wait—upgrade to the ultimate charging solution now!"
